CTCATTGTAACTCCT,CD3
TCCTTTCCTGATAGG,CD56
CTGGGCAATTACTCG,CD19
TACGCCTATAACTTG,CD11c
GCAGAAATCTCCCTT,CD34
TCAATCCTTCCGCTT,CD45RA
CTTCACTCTGTCAGG,CD123
TGTTCCCGCTCAACT,CD4
GCTGCGCTTTCCATT,CD8a
TCTCAGACCTCCGTA,CD14
AAGTTCACTCTTTGC,CD16
TTTGTCCTGTACGCC,CD25
CTCCGAATCATGTTG,CD45RO
GTCTCTTGGCTTAAA,CD69
AGTTCAGTCAACCGA,CD197_CCR7
GTACGCAGTCCTTCT,CD161
GCACTCCTGCATGTA,CD27
AATAGCGAGCAAGTA,HLA-DR
AACTCCCTATGGAGG,CD57
CGCGCACCCATTAAA,CD278_ICOS 
AGATTCCTTCGTGTT,CD24
TATATCCTTGTGAGC,CD11a
ATTCTTCAACCGAAG,CD79b
CTTCACTCTGTCAGG,CD123
ATCCTTTGCCGTGTT,CD38
GGCACCCATGTCTTT,CD127_IL7Ra
ATTCTGTCTTTCCCA,CD28
